create table details(colg_id number,img varchar(100));


show tables;
use satvik;
show tables;
create database mini;
create table disease(dname varchar(50),s1 int,s2 int,s3 int,s4 int,s5 int,s6 int,s7 int,s8 int);
select * from disease;
create table medicationdirect(dname varchar(20),medicine varchar(50));
create table medication(dname varchar(20),medicine varchar(50));
insert into  medication values ("A","med2");
insert into  medication values ("B","med1");
insert into  medication values ("C","med3");
insert into  medication values ("D","med4");
insert into  medication values ("E","med5");
insert into  medication values ("F","med6");
insert into  medication values ("G","med7");
insert into  medication values ("H","med8");
insert into  medication values ("I","med9");
insert into  medication values ("A","med10");
insert into  medication values ("B","med11");
insert into  medication values ("C","med12");
insert into  medication values ("D","med13");
insert into  medication values ("E","med14");
insert into  medication values ("F","med15");
insert into  medication values ("H","med16");
insert into  medication values ("I","med17");
insert into  medication values ("I","med18");
insert into  medication values ("B","med19");
insert into  medication values ("C","med20");
drop table users;
create table users(username varchar(100),password varchar(100),gender varchar(10),email varchar(100),location varchar(100),mno int);
SELECT * FROM medication;
select * from users ;
delete from users where password="kalyan";
insert into users(username) values('SATVIK');
show tables;
truncate table disease;
insert into disease values("A",1,0,1,0,1,0,1,0);
insert into disease values("B",1,1,1,0,1,0,1,0);
insert into disease values("C",1,0,1,0,1,1,1,0);
insert into disease values("D",1,0,1,0,1,0,1,1);
insert into disease values("E",1,1,1,0,1,1,1,0);
insert into disease values("F",1,0,1,1,1,0,1,1);
insert into disease values("G",0,1,0,1,0,1,0,1);
insert into disease values("H",0,1,1,1,0,1,1,1);
insert into disease values("I",0,1,0,1,1,1,0,1);

insert into  medicationdirect values ("A","med2");
insert into  medicationdirect values ("B","med1");
insert into  medicationdirect values ("C","med3");
insert into  medicationdirect values ("D","med4");
insert into  medicationdirect values ("E","med5");
insert into  medicationdirect values ("F","med6");
insert into  medicationdirect values ("G","med7");
insert into  medicationdirect values ("H","med8");
insert into  medicationdirect values ("I","med9");
insert into  medicationdirect values ("A","med10");
insert into  medicationdirect values ("B","med11");
insert into  medicationdirect values ("C","med12");
insert into  medicationdirect values ("D","med13");
insert into  medicationdirect values ("E","med14");
insert into  medicationdirect values ("F","med15");
insert into  medicationdirect values ("H","med16");
insert into  medicationdirect values ("I","med17");
insert into  medicationdirect values ("I","med18");
insert into  medicationdirect values ("B","med19");
insert into  medicationdirect values ("C","med20");

select * from medicationdirect;
truncate table users;
select * from users;
drop table previous;
create table previous(username varchar(20),dname varchar(20),rdate varchar(20)); 
select * from previous;
select sysdate() ;
SELECT DATE_FORMAT(sysdate(),"%d-%m-%Y");
select time_format(sysdate(),"%h-%i");
describe previous;
show tables;



insert into disease values('Acne',0,0,0,0,0,0,0,1);
insert into disease values('Appendicitis',0,0,0,0,0,0,1,0);
insert into disease values('Asthama',0,0,0,0,0,0,1,1);
insert into disease values('Atopic Eczema',0,0,0,0,0,1,0,0);
insert into disease values('Broncitis',0,0,0,0,0,1,0,1);
insert into disease values('Chicken Pox',0,0,0,0,0,1,1,0);
insert into disease values('Chilblains',0,0,0,0,0,1,1,1);
insert into disease values('Cirrhosis',0,0,0,0,1,0,0,0);
insert into disease values('Common Cold',0,0,0,0,1,0,0,1);
insert into disease values('Constipation',0,0,0,0,1,0,1,0);
insert into disease values('Croup',0,0,0,0,1,0,1,1);
insert into disease values('Diabetes',0,0,0,0,1,1,0,0);
insert into disease values('Diarrhoea',0,0,0,0,1,1,0,1);
insert into disease values('Discoid eczema',0,0,0,0,1,1,1,0);
insert into disease values('epilepsy',0,0,0,0,1,1,1,1);
insert into disease values('Ewing Sarcoma',0,0,0,1,0,0,0,0);
insert into disease values('Fibroids',0,0,0,1,0,0,0,1);
insert into disease values('food poisoning',0,0,0,1,0,0,1,0);
insert into disease values('Gall Stones',0,0,0,1,0,0,1,1);
insert into disease values('Ganglion cyst',0,0,0,1,0,1,0,0);
insert into disease values('Genital warts',0,0,0,1,0,1,0,1);
insert into disease values('glandular fever',0,0,0,1,0,1,1,0);
insert into disease values('gum disease',0,0,0,1,0,1,1,1);
insert into disease values('hay fever',0,0,0,1,1,0,0,0);
insert into disease values('head lice and nis',0,0,0,1,1,0,0,1);
insert into disease values('hearing loss',0,0,0,1,1,0,1,0);
insert into disease values('hepatitis A',0,0,0,1,1,0,1,1);
insert into disease values('hepatitis B',0,0,0,1,1,1,0,0);
insert into disease values('hepatitis B',0,0,0,1,1,1,0,1);
insert into disease values('hepatitis C',0,0,0,1,1,1,1,0);
insert into disease values('Ebola',0,0,0,1,1,1,1,1);
insert into disease values('hiatus herina',0,0,1,0,0,0,0,0);
insert into disease values('Hyperglycaemia',0,0,1,0,0,0,0,1);
insert into disease values('hyderhidrosis',0,0,1,0,0,0,1,0);
insert into disease values('impetigo',0,0,1,0,0,0,1,1);
insert into disease values('anaemia',0,0,1,0,0,1,0,0);
insert into disease values('IBS',0,0,1,0,0,1,0,1);
insert into disease values('Kidney stones',0,0,1,0,0,1,1,0);
insert into disease values('kaposis sarcoma',0,0,1,0,0,1,1,1);
insert into disease values('labyrinthitis',0,0,1,0,1,0,0,0);
insert into disease values('langerhans',0,0,1,0,1,0,0,1);
insert into disease values('laryngitis',0,0,1,0,1,0,1,0);
insert into disease values('lichen planus',0,0,1,0,1,0,1,1);
insert into disease values('Liver cancer',0,0,1,0,1,1,0,0);
insert into disease values('lung cancer',0,0,1,0,1,1,0,1);
insert into disease values('blood cancer',0,0,1,0,1,1,1,0);
insert into disease values('Lymphoedema',0,0,1,0,1,1,1,1);
insert into disease values('Lyme disease',0,0,1,1,0,0,0,0);
insert into disease values('lupus',0,0,1,1,0,0,0,1);
insert into disease values('Marila',0,0,1,1,0,0,1,0);
insert into disease values('jaundice',0,0,1,1,0,0,1,1);
insert into disease values('Measles',0,0,1,1,0,1,0,0);
insert into disease values('Dengue',0,0,1,1,0,1,0,1);
insert into disease values('small pox',0,0,1,1,0,1,1,0);
insert into disease values('meninditis',0,0,1,1,0,1,1,1);
insert into disease values('menopos',0,0,1,1,1,0,0,0);
insert into disease values('mesothelioma',0,0,1,1,1,0,0,1);
insert into disease values('migrane',0,0,1,1,1,0,1,0);
insert into disease values('ulcer',0,0,1,1,1,0,1,1);
insert into disease values('mouth ulcer',0,0,1,1,1,1,0,0);
insert into disease values('multiple myeloimea',0,0,1,1,1,1,0,1);
insert into disease values('mumps',0,0,1,1,1,1,1,0);
insert into disease values('sclerosis',0,0,1,1,1,1,1,1);
insert into disease values('meniere',0,1,0,0,0,0,0,0);
insert into disease values('sinusus',0,1,0,0,0,0,0,1);
insert into disease values('neuroblastoma',0,1,0,0,0,0,1,0);
insert into disease values('nasopharyngeal cancer',0,1,0,0,0,0,1,1);
insert into disease values('NoroVirus',0,1,0,0,0,1,0,0);
insert into disease values('Oesophageal cancer',0,1,0,0,0,1,0,1);
insert into disease values('osteoarthetis',0,1,0,0,0,1,1,0);
insert into disease values('osteoporpsis',0,1,0,0,0,1,1,1);
insert into disease values('osteocarsoma',0,1,0,0,1,0,0,0);
insert into disease values('otits externa',0,1,0,0,1,0,0,1);
insert into disease values('overactive thyroid',0,1,0,0,1,0,1,0);
insert into disease values('Pancreatic cancer',0,1,0,0,1,0,1,1);
insert into disease values('panic disorder',0,1,0,0,1,1,0,0);
insert into disease values('parkinsons disease',0,1,0,0,1,1,0,1);
insert into disease values('penile cancer',0,1,0,0,1,1,1,0);
insert into disease values('pleurisy',0,1,0,0,1,1,1,1);
insert into disease values('pneumonia',0,1,0,1,0,0,0,0);
insert into disease values('polymyalgia',0,1,0,1,0,0,0,1);
insert into disease values('rheumatica',0,1,0,1,0,0,1,0);
insert into disease values('postnatal dipression',0,1,0,1,0,0,1,1);
insert into disease values('pressure ulcers',0,1,0,1,0,1,0,0);
insert into disease values('psoriasis',0,1,0,1,0,1,0,1);
insert into disease values('psychosis',0,1,0,1,0,1,1,0);
insert into disease values('tumours',0,1,0,1,0,1,1,1);
insert into disease values('Raynaud',0,1,0,1,1,0,0,0);
insert into disease values('reactive arthesis',0,1,0,1,1,0,0,1);
insert into disease values('retinoblastoma',0,1,0,1,1,0,1,0);
insert into disease values('rhabmyosarcoma',0,1,0,1,1,0,1,1);
insert into disease values('remoatoid arthematis',0,1,0,1,1,1,0,0);
insert into disease values('rosesia',0,1,0,1,1,1,0,1);
insert into disease values('scabies',0,1,0,1,1,1,1,0);
insert into disease values('scarlet fever',0,1,0,1,1,1,1,1);
insert into disease values('scoliosis',0,1,1,0,0,0,0,0);
insert into disease values('schezoprania',0,1,1,0,0,0,0,1);
insert into disease values('shingles',0,1,1,0,0,0,1,0);
insert into disease values('sickle cell disease',0,1,1,0,0,0,1,1);
insert into disease values('sinusitis',0,1,1,0,0,1,0,0);
insert into disease values('sjogren syndrome',0,1,1,0,0,1,0,1);
insert into disease values('skin cancer',0,1,1,0,0,1,1,0);
insert into disease values('slapped cheek syndrome',0,1,1,0,0,1,1,1);
insert into disease values('sore throat',0,1,1,0,1,0,0,0);
insert into disease values('swollen glands',0,1,1,0,1,0,0,1);
insert into disease values('stomach ulcer',0,1,1,0,1,0,1,0);
insert into disease values('Thread worms',0,1,1,0,1,0,1,1);
insert into disease values('Thyroid cancer',0,1,1,0,1,1,0,0);
insert into disease values('tinnitus',0,1,1,0,1,1,0,1);
insert into disease values('tonsillitis',0,1,1,0,1,1,1,0);
insert into disease values('trigeminal neuralgia',0,1,1,0,1,1,1,1);
insert into disease values('diabetes type 1',0,1,1,1,0,0,0,0);
insert into disease values('diabetes type 2',0,1,1,1,0,0,0,1);
insert into disease values('urticaria',0,1,1,1,0,0,1,0);
insert into disease values('ulcerative colitis',0,1,1,1,0,0,1,1);
insert into disease values('underactive thyroid',0,1,1,1,0,1,0,0);
insert into disease values('varicose eczema',0,1,1,1,0,1,0,1);
insert into disease values('vertigo',0,1,1,1,0,1,1,0);
insert into disease values('varicose veins',0,1,1,1,0,1,1,1);
insert into disease values('folate deficiency',0,1,1,1,1,0,0,0);
insert into disease values('vuval cancer',0,1,1,1,1,0,0,1);
insert into disease values('Yelow Fever',0,1,1,1,1,0,1,0);
insert into disease values('Wilms tumour',0,1,1,1,1,0,1,1);
insert into disease values('alzeheimer',0,1,1,1,1,1,0,0);
insert into disease values('andropause',0,1,1,1,1,1,0,1);
insert into disease values('anorexia nervosa',0,1,1,1,1,1,1,0);
insert into disease values('arthritis',0,1,1,1,1,1,1,1);
insert into disease values('Asperger syndrome',1,0,0,0,0,0,0,0);
insert into disease values('Autism',1,0,0,0,0,0,0,1);
insert into disease values('Avoidant',1,0,0,0,0,0,1,0);
insert into disease values('alopecia',1,0,0,0,0,0,1,1);
insert into disease values('Bipolar Disorder',1,0,0,0,0,1,0,0);
insert into disease values('Acute bronchitis',1,0,0,0,0,1,0,1);
insert into disease values('bursitis',1,0,0,0,0,1,1,0);
insert into disease values('Canker sores',1,0,0,0,0,1,1,1);
insert into disease values('Carpel tunnel Syndrome',1,0,0,0,1,0,0,0);
insert into disease values('Celiac disease',1,0,0,0,1,0,0,1);
insert into disease values('ervical cancer',1,0,0,0,1,0,1,0);
insert into disease values('Cradle cap',1,0,0,0,1,0,1,1);
insert into disease values('Colorectal cancer',1,0,0,0,1,1,0,0);
insert into disease values('Crohns Disease',1,0,0,0,1,1,0,1);
insert into disease values('Deep vien thrombosis',1,0,0,0,1,1,1,0);
insert into disease values('Dyslexia',1,0,0,0,1,1,1,1);
insert into disease values('Endometriosis',1,0,0,1,0,0,0,0);
insert into disease values('Epilepsy',1,0,0,1,0,0,0,1);
insert into disease values('Fibromyalgia',1,0,0,1,0,0,1,0);
insert into disease values('Freckle',1,0,0,1,0,0,1,1);
insert into disease values('Herpes Simplex',1,0,0,1,0,1,0,0);
insert into disease values('Glomerulonephritis',1,0,0,1,0,1,0,1);
insert into disease values('Gonorrhea',1,0,0,1,0,1,1,0);
insert into disease values('Gout',1,0,0,1,0,1,1,1);
insert into disease values('Gynecomastia',1,0,0,1,1,0,0,0);
insert into disease values('Head lice',1,0,0,1,1,0,0,1);
insert into disease values('Myocardial',1,0,0,1,1,0,1,0);
insert into disease values('Heart Burn',1,0,0,1,1,0,1,1);
insert into disease values('hermorrhage',1,0,0,1,1,1,0,0);
insert into disease values('hemorrhoids',1,0,0,1,1,1,0,1);
insert into disease values('herniated Dics',1,0,0,1,1,1,1,0);
insert into disease values('Hiatal hernia',1,0,0,1,1,1,1,1);
insert into disease values('Hyperkalemia',1,0,1,0,0,0,0,0);
insert into disease values('abscessa',1,0,1,0,0,0,0,1);
insert into disease values('anotia',1,0,1,0,0,0,1,0);
insert into disease values('anthrax',1,0,1,0,0,0,1,1);
insert into disease values('Apraxia',1,0,1,0,0,1,0,0);
insert into disease values('Argyria',1,0,1,0,0,1,0,1);
insert into disease values('Asthenia',1,0,1,0,0,1,1,0);
insert into disease values('Astigmatism',1,0,1,0,0,1,1,1);
insert into disease values('Athtosis',1,0,1,0,1,0,0,0);
insert into disease values('Atrophy',1,0,1,0,1,0,0,1);
insert into disease values('Botulismv',1,0,1,0,1,0,1,0);
insert into disease values('Brucellosis',1,0,1,0,1,0,1,1);
insert into disease values('bubonic plague',1,0,1,0,1,1,0,0);
insert into disease values('bunion',1,0,1,0,1,1,0,1);
insert into disease values('calculi',1,0,1,0,1,1,1,0);
insert into disease values('campylobacter infection',1,0,1,0,1,1,1,1);
insert into disease values('candidiasis',1,0,1,1,0,0,0,0);
insert into disease values('CO poisoning',1,0,1,1,0,0,0,1);
insert into disease values('celebral palsy',1,0,1,1,0,0,1,0);
insert into disease values('chagas',1,0,1,1,0,0,1,1);
insert into disease values('Chalazion',1,0,1,1,0,1,0,0);
insert into disease values('Chancriod',1,0,1,1,0,1,0,1);
insert into disease values('chavia',1,0,1,1,0,1,1,0);
insert into disease values('cherubism',1,0,1,1,0,1,1,1);
insert into disease values('chamydia',1,0,1,1,1,0,0,0);
insert into disease values('cholera',1,0,1,1,1,0,0,1);
insert into disease values('colitis',1,0,1,1,1,0,1,0);
insert into disease values('condyloma',1,0,1,1,1,0,1,1);
insert into disease values('coronary heart disease',1,0,1,1,1,1,0,0);
insert into disease values('cowpox',1,0,1,1,1,1,0,1);
insert into disease values('cretinism',1,0,1,1,1,1,1,0);
insert into disease values('crohns',1,0,1,1,1,1,1,1);
insert into disease values('Diphtheria',1,1,0,0,0,0,0,0);
insert into disease values('Dysentry',1,1,0,0,0,0,0,1);
insert into disease values('fibromyalgia',1,1,0,0,0,0,1,0);
insert into disease values('gangrena',1,1,0,0,0,0,1,1);
insert into disease values('GERD',1,1,0,0,0,1,0,0);
insert into disease values('goitre',1,1,0,0,0,1,0,1);
insert into disease values('gonorrhea',1,1,0,0,0,1,1,0);
insert into disease values('Hepatitis E',1,1,0,0,0,1,1,1);
insert into disease values('Hepatitis D',1,1,0,0,1,0,0,0);
insert into disease values('Histiocytosis',1,1,0,0,1,0,0,1);
insert into disease values('Hyperopia',1,1,0,0,1,0,1,0);
insert into disease values('hypothyroid',1,1,0,0,1,0,1,1);
insert into disease values('hypotonia',1,1,0,0,1,1,0,0);
insert into disease values('impetigo',1,1,0,0,1,1,0,1);
insert into disease values('influenza',1,1,0,0,1,1,1,0);
insert into disease values('iritis',1,1,0,0,1,1,1,1);
insert into disease values('ignious Syndrome',1,1,0,1,0,0,0,0);
insert into disease values('keloids',1,1,0,1,0,0,0,1);
insert into disease values('kuru',1,1,0,1,0,0,1,0);
insert into disease values('kwashiorkor',1,1,0,1,0,0,1,1);
insert into disease values('laryngitis',1,1,0,1,0,1,0,0);
insert into disease values('Pb poisoning',1,1,0,1,0,1,0,1);
insert into disease values('legionellosis',1,1,0,1,0,1,1,0);
insert into disease values('Leprosy',1,1,0,1,0,1,1,1);
insert into disease values('leptospirosis',1,1,0,1,1,0,0,0);
insert into disease values('Listerriosis',1,1,0,1,1,0,0,1);
insert into disease values('Lice',1,1,0,1,1,0,1,0);
insert into disease values('loiasis',1,1,0,1,1,0,1,1);
insert into disease values('lyme disease',1,1,0,1,1-,1,0,0);
insert into disease values('limbtoosa',1,1,0,1,1,1,0,1);
insert into disease values('Limphoma',1,1,0,1,1,1,1,0);
insert into disease values('Mar burg fever',1,1,0,1,1,1,1,1);
insert into disease values('measles',1,1,1,0,0,0,0,0);
insert into disease values('melanoma',1,1,1,0,0,0,0,1);
insert into disease values('metastatic cancer',1,1,1,0,0,0,1,0);
insert into disease values('meningtis',1,1,1,0,0,0,1,1);
insert into disease values('mumps',1,1,1,0,0,1,0,0);
insert into disease values('myelitis',1,1,1,0,0,1,0,1);
insert into disease values('Myoclonus',1,1,1,0,0,1,1,0);
insert into disease values('Myxedema',1,1,1,0,0,1,1,1);
insert into disease values('Morquio Syndrome',1,1,1,0,1,0,0,0);
insert into disease values('monoNucleasis',1,1,1,0,1,0,0,1);
insert into disease values('neoplasm',1,1,1,0,1,0,1,0);
insert into disease values('necrotizing fasciitis',1,1,1,0,1,0,1,1);
insert into disease values('otitis',1,1,1,0,1,1,0,0);
insert into disease values('osteoporosis',1,1,1,0,1,1,0,1);
insert into disease values('osteoarthritits',1,1,1,0,1,1,1,0);
insert into disease values('peritonitis',1,1,1,0,1,1,1,1);
insert into disease values('Periodontal disease',1,1,1,1,0,0,0,0);
insert into disease values('pertussis',1,1,1,1,0,0,0,1);
insert into disease values('phenylketonuris',1,1,1,1,0,0,1,0);
insert into disease values('poliomyeltis',1,1,1,1,0,0,1,1);
insert into disease values('porphria',1,1,1,1,0,1,0,0);
insert into disease values('progeria',1,1,1,1,0,1,0,1);
insert into disease values('Prostatitis',1,1,1,1,0,1,1,0);
insert into disease values('pilia',1,1,1,1,0,1,1,1);
insert into disease values('q fever',1,1,1,1,1,0,0,0);
insert into disease values('ques fever',1,1,1,1,1,0,0,1);
insert into disease values('Rickets',1,1,1,1,1,0,1,0);
insert into disease values('Rubella',1,1,1,1,1,0,1,1);
insert into disease values('Sciatica',1,1,1,1,1,1,0,0);
insert into disease values('scrapie',1,1,1,1,1,1,0,1);
insert into disease values('Scurvy',1,1,1,1,1,1,1,0);
insert into disease values('Sepsis',1,1,1,1,1,1,1,1);

drop table disease;
select * from disease;
select * from medication;
drop table medication;

savepoint b;
select dname,medicine from medication order by dname;
select * from medication;
insert  into medication values('Acne','Fanapt');
insert  into medication values('Appendicitis','Fansidar');
insert  into medication values('Asthama','Fareston');
insert  into medication values('Atopic Eczema','Faslodex');
insert  into medication values('Broncitis','Fastin');
insert  into medication values('Chicken Pox','Fazaclo');
insert  into medication values('Chilblains','Febuxostat');
insert  into medication values('Cirrhosis','Feiba-VH');
insert  into medication values('Common Cold','Felbamate');
insert  into medication values('Constipation','Felbatol');
insert  into medication values('Croup','Feldene');
insert  into medication values('Diabetes','Felodipine');
insert  into medication values('Diarrhoea','Femara');
insert  into medication values('Discoid eczema','Femcon Fe');
insert  into medication values('epilepsy','Femhrt');
insert  into medication values('Ewing Sarcoma','Femring');
insert  into medication values('Fibroids','Fenofibrate');
insert  into medication values('food poisoning','Fenofibric Acid');
insert  into medication values('Gall Stones','Fenoglide');
insert  into medication values('Ganglion cyst','Fenoldopam Mesylate');
insert  into medication values('Genital warts','Fenoprofen Calcium');
insert  into medication values('glandular fever','Fentanyl Buccal');
insert  into medication values('gum disease','Fentanyl Citrate');
insert  into medication values('hay fever','Fentora');
insert  into medication values('head lice and nis','Feraheme');
insert  into medication values('hearing loss','Feridex I.V.');
insert  into medication values('hepatitis A','Ferrlecit');
insert  into medication values('hepatitis B','Fertinex');
insert  into medication values('hepatitis B','Ferumoxides');
insert  into medication values('hepatitis C','Ferumoxytol');
insert  into medication values('Ebola','Fexofenadine Hcl');
insert  into medication values('hiatus herina','Filgrastim');
insert  into medication values('Hyperglycaemia','Finacea');
insert  into medication values('hyderhidrosis','Finasteride');
insert  into medication values('impetigo','Fioricet');
insert  into medication values('anaemia','Fiorinal with Codeine');
insert  into medication values('IBS','Flagyl');
insert  into medication values('Acne','Fanapt');
insert  into medication values('Appendicitis','Fansidar');
insert  into medication values('Asthama','Fareston');
insert  into medication values('Atopic Eczema','Faslodex');
insert  into medication values('Broncitis','Fastin');
insert  into medication values('Chicken Pox','Fazaclo');
insert  into medication values('Chilblains','Febuxostat');
insert  into medication values('Cirrhosis','Feiba-VH');
insert  into medication values('Common Cold','Felbamate');
insert  into medication values('Constipation','Felbatol');
insert  into medication values('Croup','Feldene');
insert  into medication values('Diabetes','Felodipine');
insert  into medication values('Diarrhoea','Femara');
insert  into medication values('Discoid eczema','Femcon Fe');
insert  into medication values('epilepsy','Femhrt');
insert  into medication values('Ewing Sarcoma','Femring');
insert  into medication values('Fibroids','Fenofibrate');
insert  into medication values('food poisoning','Fenofibric Acid');
insert  into medication values('Gall Stones','Fenoglide');
insert  into medication values('Ganglion cyst','Fenoldopam Mesylate');
insert  into medication values('Genital warts','Fenoprofen Calcium');
insert  into medication values('glandular fever','Fentanyl Buccal');
insert  into medication values('gum disease','Fentanyl Citrate');
insert  into medication values('hay fever','Fentora');
insert  into medication values('head lice and nis','Feraheme');
insert  into medication values('hearing loss','Feridex I.V.');
insert  into medication values('hepatitis A','Ferrlecit');
insert  into medication values('hepatitis B','Fertinex');
insert  into medication values('hepatitis B','Ferumoxides');
insert  into medication values('hepatitis C','Ferumoxytol');
insert  into medication values('Ebola','Fexofenadine Hcl');
insert  into medication values('hiatus herina','Filgrastim');
insert  into medication values('Hyperglycaemia','Finacea');
insert  into medication values('hyderhidrosis','Finasteride');
insert  into medication values('impetigo','Fioricet');
insert  into medication values('anaemia','Fiorinal with Codeine');
insert  into medication values('IBS','Flagyl');
insert  into medication values('Kidney stones','Flavoxate HCl');
insert  into medication values('kaposis sarcoma','Flecainide');
insert  into medication values('labyrinthitis','Flector');
insert  into medication values('langerhans','Flexeril');
insert  into medication values('laryngitis','Flo-Pred');
insert  into medication values('lichen planus','Flolan');
insert  into medication values('Liver cancer','Flomax');
insert  into medication values('lung cancer','Flonase');
insert  into medication values('blood cancer','Florinef');
insert  into medication values('Lymphoedema','Flovent');
insert  into medication values('Lyme disease','Flovent Diskus');
insert  into medication values('lupus','Flovent HFA');
insert  into medication values('Marila','Floxin');
insert  into medication values('jaundice','Floxin Otic');
insert  into medication values('Measles','Floxuridine');
insert  into medication values('Acne','Apresoline');
insert  into medication values('Appendicitis','Apri');
insert  into medication values('Asthama','Apriso');
insert  into medication values('Atopic Eczema','Aprotinin');
insert  into medication values('Broncitis','Aptivus');
insert  into medication values('Chicken Pox','Aquasol A');
insert  into medication values('Chilblains','Aralen');
insert  into medication values('Cirrhosis','Aramine');
insert  into medication values('Common Cold','Aranesp');
insert  into medication values('Constipation','Arava');
insert  into medication values('Croup','Arcalyst');
insert  into medication values('Diabetes','Aredia');
insert  into medication values('Diarrhoea','Argatroban');
insert  into medication values('Discoid eczema','Aricept');
insert  into medication values('epilepsy','Arimidex');
insert  into medication values('Appendicitis','Abacavir Sulfate');
insert  into medication values('Asthama','Abarelix');
insert  into medication values('Atopic Eczema','Abatacept');
insert  into medication values('Broncitis','Abciximab');
insert  into medication values('Chicken Pox','Abelcet');
insert  into medication values('Chilblains','Abilify');
insert  into medication values('Cirrhosis','Abraxane');
insert  into medication values('Common Cold','Acamprosate Calcium');
insert  into medication values('Constipation','Acarbose');
insert  into medication values('Croup','Accolate');
insert  into medication values('Diabetes','Accretropin');
insert  into medication values('Diarrhoea','AccuNeb');
insert  into medication values('Discoid eczema','Accupril');
insert  into medication values('epilepsy','Accutane');
insert  into medication values('Ewing Sarcoma','Acebutolol');
insert  into medication values('Fibroids','Aceon');
insert  into medication values('food poisoning','Acetadote');
insert  into medication values('Gall Stones','Acetaminophen');
insert  into medication values('Ganglion cyst','Acetic Acid');
insert  into medication values('Genital warts','Aci-Jel');
insert  into medication values('glandular fever','Aciphex');
insert  into medication values('gum disease','Acitretin');
insert  into medication values('hay fever','Aclovate');
insert  into medication values('head lice and nis','Acrivastine and Pseudoephedrine');
insert  into medication values('hearing loss','Actemra');
insert  into medication values('hepatitis A','Acthrel');
insert  into medication values('hepatitis B','Acticin');
insert  into medication values('hepatitis B','Actimmune');
insert  into medication values('hepatitis C','Actiq');
insert  into medication values('Ebola','Actisite');
insert  into medication values('hiatus herina','Activase');
insert  into medication values('Hyperglycaemia','Activella');
insert  into medication values('hyderhidrosis','Actonel');
insert  into medication values('impetigo','Actos');
insert  into medication values('anaemia','Acular');
insert  into medication values('IBS','Acular LS');
insert  into medication values('Kidney stones','Acuvail');
insert  into medication values('kaposis sarcoma','Acyclovir');
insert  into medication values('labyrinthitis','Adacel');
insert  into medication values('langerhans','Adagen');
insert  into medication values('laryngitis','Adalat CC');
insert  into medication values('lichen planus','Adalimumab');
insert  into medication values('Liver cancer','Adapalene');
insert  into medication values('lung cancer','Adcirca');
insert  into medication values('blood cancer','Adderall');
insert  into medication values('Lymphoedema','Adderall XR');
insert  into medication values('Lyme disease','Adefovir Dipivoxil');
insert  into medication values('lupus','Adenoscan');
insert  into medication values('Marila','Adenosine');
insert  into medication values('jaundice','Adipex-P');
insert  into medication values('Measles','Adoxa');
insert  into medication values('Dengue','Adrenalin');
insert  into medication values('small pox','AdreView');
insert  into medication values('meninditis','Adriamycin PFS');
insert  into medication values('menopos','Advair Diskus');
insert  into medication values('mesothelioma','Advair HFA');
insert  into medication values('migrane','Advicor');
insert  into medication values('ulcer','Aerospan HFA');
insert  into medication values('mouth ulcer','Afinitor');
insert  into medication values('multiple myeloimea','Afluria');
insert  into medication values('mumps','Agalsidase Beta');
insert  into medication values('sclerosis','Aggrastat');
insert  into medication values('meniere','Aggrenox');
insert  into medication values('sinusus','Dasatinib');
insert  into medication values('neuroblastoma','Daunorubicin');
insert  into medication values('nasopharyngeal cancer','Daypro');
insert  into medication values('NoroVirus','Daypro Alta');
insert  into medication values('Oesophageal cancer','Daytrana');
insert  into medication values('osteoarthetis','DDAVP');
insert  into medication values('osteoporpsis','DDAVP Nasal Spray');
insert  into medication values('osteocarsoma','DDAVP Rhinal Tube');
insert  into medication values('otits externa','Decadron');
insert  into medication values('overactive thyroid','Declomycin');
insert  into medication values('Pancreatic cancer','Deferasirox');
insert  into medication values('panic disorder','Deferoxamine');
insert  into medication values('parkinsons disease','Definity');
insert  into medication values('penile cancer','Dehydrated Alcohol');
insert  into medication values('pleurisy','Delatestryl');
insert  into medication values('pneumonia','Delavirdine Mesylate');
insert  into medication values('polymyalgia','Delestrogen');
insert  into medication values('rheumatica','Deltasone');
insert  into medication values('postnatal dipression','Demadex');
insert  into medication values('pressure ulcers','Demeclocycline HCl');
insert  into medication values('psoriasis','Demerol');
insert  into medication values('psychosis','Demser');
insert  into medication values('tumours','Demulen');
insert  into medication values('Raynaud','Denavir');
insert  into medication values('reactive arthesis','Denileukin Diftitox');
insert  into medication values('retinoblastoma','Depacon');
insert  into medication values('rhabmyosarcoma','Depakene');
insert  into medication values('remoatoid arthematis','Depakote');
insert  into medication values('rosesia','Depakote ER');
insert  into medication values('scabies','Depo-Estradiol');
insert  into medication values('scarlet fever','Agrylin');
insert  into medication values('scoliosis','Ak-Fluor');
insert  into medication values('schezoprania','Akineton');
insert  into medication values('shingles','Alamast');
insert  into medication values('sickle cell disease','Albendazole');
insert  into medication values('sinusitis','Albenza');
insert  into medication values('sjogren syndrome','Edex');
insert  into medication values('skin cancer','Edluar');
insert  into medication values('slapped cheek syndrome','Edrophonium');
insert  into medication values('sore throat','Efalizumab');
insert  into medication values('swollen glands','Efavirenz');
insert  into medication values('stomach ulcer','Effexor');
insert  into medication values('Thread worms','Effexor XR');
insert  into medication values('Thyroid cancer','Effient');
insert  into medication values('tinnitus','Eflornithine');
insert  into medication values('tonsillitis','Efudex');
insert  into medication values('trigeminal neuralgia','Elaprase');
insert  into medication values('diabetes type 1','Elavil');
insert  into medication values('diabetes type 2','Eldepryl');
insert  into medication values('urticaria','Elestat');
insert  into medication values('ulcerative colitis','Eletriptan hydrobromide');
insert  into medication values('underactive thyroid','Elidel');
insert  into medication values('varicose eczema','Eligard');
insert  into medication values('vertigo','Elimite');
insert  into medication values('varicose veins','Elitek');
insert  into medication values('folate deficiency','Ellence');
insert  into medication values('vuval cancer','Elmiron');
insert  into medication values('Yelow Fever','Elocon');
insert  into medication values('Wilms tumour','Eloxatin');
insert  into medication values('alzeheimer','Elspar');
insert  into medication values('andropause','Eltrombopag');
insert  into medication values('anorexia nervosa','Emadine');
insert  into medication values('arthritis','Embeda');
insert  into medication values('Asperger syndrome','Emcyt');
insert  into medication values('Autism','Emedastine');
insert  into medication values('Avoidant','Emend');
insert  into medication values('alopecia','Emgel');
insert  into medication values('Bipolar Disorder','Emla');
insert  into medication values('Acute bronchitis','Empirin');
insert  into medication values('bursitis','Albumin, Human');
insert  into medication values('Canker sores','Albuminar');
insert  into medication values('Carpel tunnel Syndrome','Albuterol Sulfate');
insert  into medication values('Celiac disease','Albuterol Sulfate Inhalation Aerosol');
insert  into medication values('ervical cancer','Alcaine');
insert  into medication values('Cradle cap','Alclometasone Dipropionate');
insert  into medication values('Colorectal cancer','Aldactazide');
insert  into medication values('Crohns Disease','Aldactone');
insert  into medication values('Deep vien thrombosis','Aldara');
insert  into medication values('Dyslexia','Aldesleukin');
insert  into medication values('Endometriosis','Aldomet');
insert  into medication values('Epilepsy','Aldoril');
insert  into medication values('Fibromyalgia','Aldurazyme');
insert  into medication values('Freckle','Alefacept');
insert  into medication values('Herpes Simplex','Alemtuzumab');
insert  into medication values('Glomerulonephritis','Alendronate Sodium');
insert  into medication values('Gonorrhea','Alesse');
insert  into medication values('Gout','Alfenta');
insert  into medication values('Gynecomastia','Alfentanil');
insert  into medication values('Head lice','Alfuzosin HCl');
insert  into medication values('Myocardial','Alglucosidase Alfa');
insert  into medication values('Heart Burn','Alimta');
insert  into medication values('hermorrhage','Alinia');
insert  into medication values('hemorrhoids','Alitretinoin');
insert  into medication values('herniated Dics','Alkeran');
insert  into medication values('Hiatal hernia','Allegra');
insert  into medication values('Hyperkalemia','Allegra-D');
insert  into medication values('abscessa','Allegra D 24 Hour');
insert  into medication values('anotia','Allernaze');
insert  into medication values('anthrax','Alli');
insert  into medication values('Apraxia','Allopurinol');
insert  into medication values('Argyria','Almotriptan Malate');
insert  into medication values('Asthenia','Alocril');
insert  into medication values('Astigmatism','Alomide');
insert  into medication values('Athtosis','Aloprim');
insert  into medication values('Atrophy','Alora');
insert  into medication values('Botulismv','Alosetron Hydrochloride');
insert  into medication values('Brucellosis','Aloxi');
insert  into medication values('bubonic plague','Alphanate');
insert  into medication values('bunion','Alprazolam');
insert  into medication values('calculi','Alprostadil');
insert  into medication values('campylobacter infection','Alrex');
insert  into medication values('candidiasis','Alsuma');
insert  into medication values('CO poisoning','Altabax');
insert  into medication values('celebral palsy','Altace');
insert  into medication values('chagas','Alteplase');
insert  into medication values('Chalazion','Altocor');
insert  into medication values('Chancriod','Altoprev');
insert  into medication values('chavia','Altretamine');
insert  into medication values('cherubism','Alupent');
insert  into medication values('chamydia','Alvesco');
insert  into medication values('cholera','Amantadine Hydrochloride');
insert  into medication values('colitis','Amaryl');
insert  into medication values('condyloma','Ambien');
insert  into medication values('coronary heart disease','Ambien CR');
insert  into medication values('cowpox','Ambisome');
insert  into medication values('cretinism','Amerge');
insert  into medication values('crohns','Americaine');
insert  into medication values('Diphtheria','Amevive');
insert  into medication values('Dysentry','Amicar');
insert  into medication values('fibromyalgia','Amifostine');
insert  into medication values('gangrena','Amikacin');
insert  into medication values('GERD','Amikin');
insert  into medication values('goitre','Amiloride');
insert  into medication values('gonorrhea','Amiloride and Hydrochlorothiazide');
insert  into medication values('Hepatitis E','Amiloride Hydrochloride');
insert  into medication values('Hepatitis D','Amino Acids');
insert  into medication values('Histiocytosis','Aminocaproic Acid');
insert  into medication values('Hyperopia','Aminoglutethimide');
insert  into medication values('hypothyroid','Aminohippurate Sodium');
insert  into medication values('hypotonia','Aminolevulinic Acid');
insert  into medication values('impetigo','Aminosalicylic Acid');
insert  into medication values('influenza','Aminosyn II 8.5%');
insert  into medication values('iritis','Aminosyn II in Dextrose');
insert  into medication values('ignious Syndrome','Amitiza');
insert  into medication values('keloids','Amitriptyline');
insert  into medication values('kuru','Amlexanox');
insert  into medication values('kwashiorkor','Amlodipine Besylate');
insert  into medication values('laryngitis','Amoxapine');
insert  into medication values('Pb poisoning','Amoxicillin');
insert  into medication values('legionellosis','Amoxicillin Clavulanate');
insert  into medication values('Leprosy','Amoxil');
insert  into medication values('leptospirosis','Amphadase');
insert  into medication values('Listerriosis','Amphetamine');
insert  into medication values('Lice','Amphotericin B');
insert  into medication values('loiasis','Ampicillin');
insert  into medication values('lyme disease','Ampyra');
insert  into medication values('limbtoosa','Amrix');
insert  into medication values('Limphoma','Amyl Nitrite');
insert  into medication values('Mar burg fever','Amytal Sodium');
insert  into medication values('measles','Anabolic steroids');
insert  into medication values('melanoma','Anadrol-50');
insert  into medication values('metastatic cancer','Anafranil');
insert  into medication values('meningtis','Anagrelide');
insert  into medication values('mumps','Anakinra');
insert  into medication values('myelitis','Anastrozole');
insert  into medication values('Myoclonus','Ancobon');
insert  into medication values('Myxedema','Androderm');
insert  into medication values('Morquio Syndrome','AndroGel');
insert  into medication values('monoNucleasis','Anectine');
insert  into medication values('neoplasm','Angeliq');
insert  into medication values('necrotizing fasciitis','Angiomax');
insert  into medication values('otitis','Anidulafungin');
insert  into medication values('osteoporosis','Anisindione');
insert  into medication values('osteoarthritits','Ansaid');
insert  into medication values('peritonitis','Antabuse');
insert  into medication values('Periodontal disease','Antara');
insert  into medication values('pertussis','Anthralin');
insert  into medication values('phenylketonuris','Antihemophilic Factor');
insert  into medication values('poliomyeltis','Antithrombin');
insert  into medication values('porphria','Antivenin');
insert  into medication values('progeria','Antivert');
insert  into medication values('Prostatitis','Antizol');
insert  into medication values('pilia','Anturane');
insert  into medication values('q fever','Anusol Hc');
insert  into medication values('ques fever','Aphthasol');
insert  into medication values('Rickets','Apidra');
insert  into medication values('Rubella','Aplenzin');
insert  into medication values('Sciatica','Apokyn');
insert  into medication values('scrapie','Apomorphine');
insert  into medication values('Scurvy','Apraclonidine');
insert  into medication values('Sepsis','Apresazide');
insert  into medication values('Ewing Sarcoma','Aripiprazole');
insert  into medication values('Fibroids','Atromid-S');
insert  into medication values('food poisoning','Atropen');
insert  into medication values('Gall Stones','Atropine');
insert  into medication values('Ganglion cyst','Atrovent HFA');
insert  into medication values('Genital warts','Atryn');
insert  into medication values('glandular fever','Augmentin');
insert  into medication values('gum disease','Augmentin XR');
insert  into medication values('hay fever','Auralgan');
insert  into medication values('head lice and nis','Avage');
insert  into medication values('hearing loss','Avalide');
insert  into medication values('hepatitis A','Avandamet');
insert  into medication values('hepatitis B','Avandaryl');
insert  into medication values('hepatitis B','Avandia');
insert  into medication values('hepatitis C','Avapro');
insert  into medication values('Ebola','Avastin');
insert  into medication values('hiatus herina','Avelox');
insert  into medication values('Hyperglycaemia','Avinza');
insert  into medication values('hyderhidrosis','Avodart');
insert  into medication values('impetigo','Azor');
insert  into medication values('anaemia','Azulfidine');
insert  into medication values('IBS','Baclofen');
insert  into medication values('Kidney stones','Bactrim');
insert  into medication values('kaposis sarcoma','Bactroban Nasal');
insert  into medication values('labyrinthitis','Balsalazide');
insert  into medication values('langerhans','Banzel');
insert  into medication values('laryngitis','Baraclude');
insert  into medication values('lichen planus','Basiliximab');
insert  into medication values('Liver cancer','Baycol');
insert  into medication values('lung cancer','Bayer');
insert  into medication values('blood cancer','Becaplermin');
insert  into medication values('Lymphoedema','Beconase');
insert  into medication values('Lyme disease','Benadryl');
insert  into medication values('lupus','Benazepril');
insert  into medication values('Marila','Benefix');
insert  into medication values('jaundice','Benicar');
insert  into medication values('Measles','Benicar HCT');
insert  into medication values('Dengue','Bentyl');
insert  into medication values('small pox','BenzaClin');
insert  into medication values('meninditis','Benzagel');
insert  into medication values('menopos','Benzamycin');
insert  into medication values('mesothelioma','Benzocaine');
insert  into medication values('migrane','Benzonatate');
insert  into medication values('ulcer','Benzoyl Peroxide Gel');
insert  into medication values('mouth ulcer','Benzphetamine');
insert  into medication values('multiple myeloimea','Benztropine Mesylate');
insert  into medication values('mumps','Bepreve');
insert  into medication values('sclerosis','Bepridil');
insert  into medication values('meniere','Beractant');
insert  into medication values('sinusus','Besivance');
insert  into medication values('neuroblastoma','Betagan');
insert  into medication values('nasopharyngeal cancer','Betamethasone');
insert  into medication values('NoroVirus','Betamethasone Dipropionate');
insert  into medication values('Oesophageal cancer','Betapace');
insert  into medication values('osteoarthetis','Betapace AF');
insert  into medication values('osteoporpsis','Betaseron');
insert  into medication values('osteocarsoma','Betaxolol Hydrochloride');
insert  into medication values('otits externa','Betaxon');
insert  into medication values('overactive thyroid','Bethanechol');
insert  into medication values('Pancreatic cancer','Bethanechol Chloride');
insert  into medication values('panic disorder','Betimol');
insert  into medication values('parkinsons disease','Betoptic S');
insert  into medication values('penile cancer','Bevacizumab');
insert  into medication values('pleurisy','Bexarotene');
insert  into medication values('pneumonia','Bextra');
insert  into medication values('polymyalgia','Bexxar');
insert  into medication values('rheumatica','Bicalutamide');
insert  into medication values('postnatal dipression','Bicillin C-R 900/300');
insert  into medication values('pressure ulcers','BiCNU');
insert  into medication values('psoriasis','BiDil');
insert  into medication values('psychosis','Biltricide');
insert  into medication values('tumours','Bioclate');
insert  into medication values('Raynaud','BioThrax');
insert  into medication values('reactive arthesis','Biperiden');
insert  into medication values('retinoblastoma','Bismuth Subcitrate Potassium');
insert  into medication values('rhabmyosarcoma','Bismuth Subsalicylate');
insert  into medication values('remoatoid arthematis','Bisoprolol Fumarate');
insert  into medication values('rosesia','Caduet');
insert  into medication values('scabies','Cafcit');
insert  into medication values('scarlet fever','Cafergot');
insert  into medication values('scoliosis','Caffeine Citrate');
insert  into medication values('schezoprania','Calan');
insert  into medication values('shingles','Calciferol');
insert  into medication values('sickle cell disease','Calcitonin-Salmon');
insert  into medication values('sinusitis','Calcitriol');
insert  into medication values('sjogren syndrome','Calcium Chloride');
insert  into medication values('skin cancer','Calcium Disodium Versenate');
insert  into medication values('slapped cheek syndrome','Calcium Gluconate');
insert  into medication values('sore throat','Calfactant');
insert  into medication values('swollen glands','Cambia');
insert  into medication values('stomach ulcer','Campath');
insert  into medication values('Thread worms','Campral');
insert  into medication values('Thyroid cancer','Canasa');
insert  into medication values('tinnitus','Cancidas');
insert  into medication values('tonsillitis','Candesartan Cilexetil');
insert  into medication values('trigeminal neuralgia','Cantil');
insert  into medication values('diabetes type 1','Capastat Sulfate');
insert  into medication values('diabetes type 2','Capecitabine');
insert  into medication values('urticaria','Capoten');
insert  into medication values('ulcerative colitis','Capozide');
insert  into medication values('underactive thyroid','Captopril');
insert  into medication values('varicose eczema','Captopril and Hydrochlorothiazide');
insert  into medication values('vertigo','Carac');
insert  into medication values('varicose veins','Carbaglu');
insert  into medication values('folate deficiency','Carbamazepine');
insert  into medication values('vuval cancer','Carbatrol');
insert  into medication values('Yelow Fever','Carbenicillin Indanyl Sodium');
insert  into medication values('Wilms tumour','Carbidopa');
insert  into medication values('alzeheimer','Carbocaine');
insert  into medication values('andropause','Carboplatin');
insert  into medication values('anorexia nervosa','Carboprost Tromethamine');
insert  into medication values('arthritis','Cardene SR');
insert  into medication values('Asperger syndrome','Cardiolite');
insert  into medication values('Autism','Cardizem LA');
insert  into medication values('Avoidant','Cardura');
insert  into medication values('alopecia','Cardura XL');
insert  into medication values('Bipolar Disorder','Carisoprodol');
insert  into medication values('Acute bronchitis','Carisoprodol and Aspirin');
insert  into medication values('bursitis','Carmustine');
insert  into medication values('Canker sores','Carnitor');
insert  into medication values('Carpel tunnel Syndrome','Carteolol');
insert  into medication values('Celiac disease','Carteolol Hydrochloride');
insert  into medication values('ervical cancer','Cartia XT');
insert  into medication values('Cradle cap','Carvedilol');
insert  into medication values('Colorectal cancer','Casodex');
insert  into medication values('Crohns Disease','Caspofungin Acetate');
insert  into medication values('Deep vien thrombosis','Cataflam');
insert  into medication values('Dyslexia','Catapres');
insert  into medication values('Endometriosis','Catapres-TTS');
insert  into medication values('Epilepsy','Caverject');
insert  into medication values('Fibromyalgia','Caverject Impulse');
insert  into medication values('Freckle','Cayston');
insert  into medication values('Herpes Simplex','Ceclor');
insert  into medication values('Glomerulonephritis','Bivalirudin');
insert  into medication values('Gonorrhea','Blenoxane');
insert  into medication values('Gout','Bleph 10');
insert  into medication values('Gynecomastia','Blocadren');
insert  into medication values('Head lice','Boniva');
insert  into medication values('Myocardial','Bontril');
insert  into medication values('Heart Burn','Boostrix');
insert  into medication values('hermorrhage','Bortezomib');
insert  into medication values('hemorrhoids','Bosentan');
insert  into medication values('herniated Dics','Botox');
insert  into medication values('Hiatal hernia','Botox Cosmetic');
insert  into medication values('Hyperkalemia','Botulinum Toxin Type A');
insert  into medication values('abscessa','Botulinum Toxin Type B');
insert  into medication values('anotia','Bravelle');
insert  into medication values('anthrax','Bretylium');
insert  into medication values('Apraxia','Brevibloc');
insert  into medication values('Argyria','Brevicon');
insert  into medication values('Asthenia','Brevital Sodium');
insert  into medication values('Astigmatism','Brimonidine Tartrate');
insert  into medication values('Athtosis','Bromfenac Ophthalmic Solution');
insert  into medication values('Atrophy','Bromocriptine Mesylate');
insert  into medication values('Botulismv','Brovana');
insert  into medication values('Brucellosis','Budesonide');
insert  into medication values('bubonic plague','Bumetanide');
insert  into medication values('bunion','Bumex');
insert  into medication values('calculi','Buphenyl');
insert  into medication values('campylobacter infection','Buprenex');
insert  into medication values('candidiasis','Buprenorphine');
insert  into medication values('CO poisoning','Bupropion Hcl');
insert  into medication values('celebral palsy','Buspar');
insert  into medication values('chagas','Buspirone');

